<?xml version="1.0" encoding="UTF-8"?>
<beans xmlns="http://www.springframework.org/schema/beans"
	xmlns:xsi="http://www.w3.org/2001/XMLSchema-instance"
	xmlns:context="http://www.springframework.org/schema/context"
	xsi:schemaLocation="http://www.springframework.org/schema/beans
    http://www.springframework.org/schema/beans/spring-beans.xsd
    http://www.springframework.org/schema/context
    http://www.springframework.org/schema/context/spring-context.xsd">

	<!-- Define your beans here -->

	<bean id="myLoggerConfig"
		class="com.luv2code.setterinjection.MyLoggerConfig"
		init-method="initLogger">
		<property name="rootLoggerLevel" value="FINE" />
		<property name="printedLoggerLevel" value="FINE" />
	</bean>

	<bean id="myCoach" class="com.luv2code.setterinjection.TrackCoach">
		<!-- Constructor Injection -->
		<constructor-arg ref="myFortuneService" />
	</bean>

	<bean id="myFortuneService"
		class="com.luv2code.setterinjection.HappyFortuneService">

	</bean>
	<bean id="myCricketCoach"
		class="com.luv2code.setterinjection.CricketCoach">
		<!-- Setter Injection -->
		<property name="fortuneService" ref="myFortuneService" />
		<property name="email"
			value="thebestcoach@luv2code.com" />
		<property name="team" value="Sunrisers Hyderabad" />
	</bean>


</beans>





